Marca temporal,URL del vídeo,Vídeo/imagen archivado,País del vídeo,Ciudad o región del vídeo,Coordenadas de geolocalización,Grado de confianza en la geolocalización,Ejemplo de publicación viral asociada al vídeo,Versión archivada de publicación viral,Claim de publicación viral,Rating aplicado a mensajes virales vinculados al vídeo,Contexto,URL Newtral,Fecha real del vídeo (aparición en internet)
9/09/2026 12:24:23,https://video.twimg.com/amplify_video/2095862489003298816/vid/avc1/320x576/CMN37LrrihMzpq58.mp4?tag=29,https://archive.org/details/cmn-37-lrrih-mzpq-58,Marruecos,"Beni Ensar (Nador, Marruecos)","35.26677777777778, -2.924833333333333",5 - Muy alto (verificado),https://x.com/javiernegre10/status/2095862562352931322,https://archive.fo/4jVNU,"""Graban a invasores marroquíes saliendo como ratas de túneles en Ceuta, siguen llegando mientras la situación empeora cada día"".",Falso,Vídeo muy viral utilizado para extender la idea de que los migrantes están llegando a Ceuta a través de túneles subterráneos.,https://www.newtral.es/tuneles-ceuta-marroquies-video-falso/20260907/,3/09/2026
9/09/2026 12:50:08,https://video.twimg.com/amplify_video/2083008988765917184/vid/avc1/720x780/CYAhY24JejMgPvap.mp4,https://archive.org/details/cyah-y-24-jej-mg-pvap-1,Marruecos,"Beni Ensar (Nador, Marruecos)","35.26540627623779, -2.9322203052176556",5 - Muy alto (verificado),https://x.com/RadioGenoa/status/2082961682565898571,https://archive.fo/VUOen / https://archive.fo/PztoT,Disturbios en Melilla. Migrantes prenden fuego a vehículos.,Falta contexto,"Vídeo utilizado para alimentar la narrativa que acusa a migrantes de provocar disturbios en Ceuta y Melilla. Las imágenes están grabadas en territorio marroquí, aunque en una zona muy próxima al paso fronterizo de Beni Ensar.",https://www.newtral.es/disturbios-melilla-violencia-fuego-videos-nador-marruecos/20260731/,30/07/2026
9/09/2026 15:35:09,https://video.twimg.com/amplify_video/2082961708159574016/vid/avc1/1192x1490/C3wOo3LUL1hR5ck2.mp4,https://archive.org/details/ c-3w-oo-3-lul-1h-r-5ck-2-1,Marruecos,"Beni Ensar (Nador, Marruecos)","35.265175685390325, -2.9321395011117515",5 - Muy alto (verificado),https://x.com/ChadAbrazo/status/2082961819275059446,https://archive.fo/z5fkV,"""Los invasores han tomado el control de Melilla y en estos momentos están usurpando casas, robando y apedreando españoles"".",Falta contexto,"Este vídeo fue ampliamente difundido para trasladar la idea de que ""invasores marroquíes"" habían ""tomado el control de Melilla"" el pasado 30 de julio. Las imágenes de los disturbios corresponden a territorio marroquí, aunque fueron grabadas en las proximidades del paso fronterizo de Beni Ensar.",https://www.newtral.es/disturbios-melilla-violencia-fuego-videos-nador-marruecos/20260731/,30/07/2026
9/09/2026 15:47:41,https://video.twimg.com/amplify_video/2083032052077580288/vid/avc1/480x518/kPYYaONU48QVHFje.mp4?tag=29,https://archive.org/details/ kPYYaONU48QVHFje,Marruecos,"Beni Ensar (Nador, Marruecos)","35.26541747447974, -2.932238925005463",5 - Muy alto (verificado),https://x.com/jpmasespanol/status/2083032073871278545,https://archive.fo/lSXQE,"""Disturbios en las inmediaciones de Melilla"".",Falta contexto,"El vídeo muestra los disturbios del 30 de julio en territorio marroquí, en una rotonda muy próxima al paso fronterizo de Beni Ensar.",https://www.newtral.es/disturbios-melilla-violencia-fuego-videos-nador-marruecos/20260731/,30/07/2026
9/09/2026 15:55:15,https://video.twimg.com/amplify_video/2083061054834176001/vid/avc1/720x1280/pLMKS3OxRmncsaSY.mp4,https://archive.org/details/ pLMKS3OxRmncsaSY,Marruecos,"Beni Ensar (Nador, Marruecos)","35.265369404090265, -2.932147803746794",5 - Muy alto (verificado),https://x.com/GabyLob/status/2083061143510073766,https://archive.fo/KwT5q,"""Terror en España. Marroquíes queman autos, agreden y roban casas en medio de la invasión"".",Falta contexto,"Vídeo utilizado para extender la idea de supuestos disturbios protagonizados por marroquíes en la ciudad de Melilla. En realidad las imágenes están grabadas en territorio marroquí, aunque en un lugar próximo al paso fronterizo de Beni Ensar que une Marruecos con Melilla.",https://www.newtral.es/disturbios-melilla-violencia-fuego-videos-nador-marruecos/20260731/,30/07/2026
9/09/2026 16:14:25,https://video.twimg.com/amplify_video/2083137090225586176/vid/avc1/1080x1230/zFOl4a2glMpSSGu3.mp4,https://archive.org/details/zFOl4a2glMpSSGu3,Marruecos,"Ain Lhcen (Tetuán, Marruecos)","35.54778124081945, -5.555154210713671",5 - Muy alto (verificado),https://x.com/capTercio/status/2083165364670664987,https://archive.fo/S0AwP,"""Camiones cargados de personas en Marruecos"".",Verdadero,"Vídeo de camión cargado de personas en carretera de Ain Lhcen (Marruecos) en dirección a Tetuán. El lugar donde está grabado el vídeo está a 58 kilómetros de Ceuta por carretera. En otro vídeo se ve a este mismo camión siendo detenido por gendarmes marroquíes en la entrada a Tetuán, a unos 51 kilómetros de Ceuta. Sus ocupantes se bajan en este punto, según las imágenes.",https://www.newtral.es/camiones-personas-marruecos-ceuta-que-sabemos/20260802/,30/07/2026
9/09/2026 16:26:24,https://video.twimg.com/amplify_video/2082930806482210817/vid/avc1/360x640/9F_HpD38747BPl7O.mp4,https://archive.org/details/9-f-hp-d-38747-bpl-7-o,Marruecos,Tetuán (Marruecos),"35.55863629485152, -5.458142049089019",5 - Muy alto (verificado),https://x.com/TalebSahara/status/2082930831903830429,https://archive.is/407Jo,"""Me llegan estas imágenes de cómo las autoridades marroquíes vacían camiones llenos de jóvenes cerca de la frontera con Ceuta"".",Falta contexto,"El vídeo muestra a gendarmes marroquíes que paran y desalojan un camión cargado de personas que circulaba por la N-2 desde Ain Lhcen en sentido Tetuán. Las imágenes están grabadas a la entrada de Tetuán, a alrededor de 50 kilómetros de Ceuta por carretera. ",https://www.newtral.es/camiones-personas-marruecos-ceuta-que-sabemos/20260802/,30/07/2026
9/09/2026 16:42:36,https://www.tiktok.com/@angelaperezromero8/video/7678431976705051936?is_from_webapp=1&web_id=7618542682751616534,https://archive.org/details/tiktok_angelaperezromero8_7678431976705051936,Otro,Buenos Aires (Argentina),"-34.76034867021203, -58.31366829877935",5 - Muy alto (verificado),https://www.tiktok.com/@angelaperezromero8/video/7678431976705051936?is_from_webapp=1&web_id=7618542682751616534,https://archive.ph/VLQ9T,"""Inmigrantes intentando invadir una vivienda en Ceuta el 24 de agosto de 2026"".",Falso,"Un vídeo grabado en Buenos Aires, Argentina, se hace pasar como un allanamiento de una vivienda en Ceuta protagonizado por supuestos migrantes magrebíes.",https://www.newtral.es/inmigrantes-vivienda-ceuta/20260828/,26/08/2026
9/09/2026 17:12:06,https://video.twimg.com/amplify_video/2088897128877768704/vid/avc1/1024x576/H1scv3as6pb5YtFz.mp4,https://archive.org/details/h-1scv-3as-6pb-5-yt-fz,España,Ceuta (España),"35.88510998212155, -5.342350056169325",5 - Muy alto (verificado),https://x.com/Anonymous_TA/status/2088897242694341030?s=20,https://archive.ph/b2IxS,"""Así está Ceuta 18 días después de la entrada masiva. Las calles llenas de magrebíes"".",Engañoso,"Este vídeo se ha utilizado para presentar la ciudad de Ceuta totalmente tomada por migrantes ""18 días después"" del cruce masivo. En realidad, el vídeo fue grabado el 31 de julio de 2026, un día después de que se desencadenara la crisis fronteriza.",https://www.newtral.es/ceuta-colapsada-migrantes/20260828/,31/07/2026
9/09/2026 17:25:03,https://video.twimg.com/amplify_video/2093349621691043840/vid/avc1/720x1278/6gJGlIiCUJtAg1KT.mp4,https://archive.org/details/6g-jgl-ii-cujt-ag-1-kt,España,"Ibiza (Islas Baleares, España)","38.911674190569954, 1.4339139292955392",5 - Muy alto (verificado),https://x.com/Rittenreloaded/status/2093349705581211849,https://archive.ph/ugklT,"Dos policías locales registran a un joven inmigrante por intentar robar un coche en Ceuta, como se ve en este vídeo. ",Engañoso,"Este vídeo se ha relacionado con la supuesta detención de un migrante en Ceuta por haber robado un coche. En realidad, las imágenes circulan desde principios de julio ─antes del cruce masivo a Ceuta─ y están grabadas en Ibiza.",https://www.newtral.es/inmigrante-detenido-robo-coche-ceuta/20260901/,2/07/2026
14/09/2026 12:03:01,https://video.twimg.com/amplify_video/2098386330816253960/vid/avc1/576x1024/D2fdxyyXNk9BxHGn.mp4,https://archive.org/details/d-2fdxyy-xnk-9-bx-hgn,España,Ceuta (España),"35.8956137772387, -5.328247411069944",5 - Muy alto (verificado),https://x.com/burgosusana/status/2098386355633987784,https://archive.is/ADQqJ,"""Invasores marroquíes roban los techos del puerto de Ceuta para construir sus chabolas"".",Falso,"Son trabajadores que reparan el tejado de un taller en Ceuta. “No están robando nada. Les pedí que me ayudaran a sacar la chapa porque está podrida y estoy poniendo chapa nueva”, ha explicado el dueño a Newtral.",https://www.newtral.es/roban-tejado-taller-ceuta-falso/20260913/,11/09/2026
14/09/2026 12:31:53,https://video.twimg.com/amplify_video/2087610397939335168/vid/avc1/1320x1790/GcQAQkc10p80WNN3.mp4,https://archive.org/details/gc-qaqkc-10p-80-wnn-3,Otro,Ciudad del Cabo (Sudáfrica),"-33.92436200367971, 18.377672626981443",5 - Muy alto (verificado),https://www.instagram.com/reels/Db88bn9oAVR/,https://archive.li/U2RWI,"""Graban a un inmigrante comiéndose una rata en Ceuta"".",Falso,"El vídeo está grabado en Ciudad del Cabo (Sudáfrica), junto a la playa de Saunders. Los primeros registros de estas imágenes datan de enero de 2024. La grabación, por tanto, no guarda ninguna relación con la crisis ocurrida en Ceuta en julio de 2026.",https://www.newtral.es/inmigrante-rata-ceuta/20260814/,5/01/2024
14/09/2026 12:45:42,https://video.twimg.com/amplify_video/2087644243728678912/vid/avc1/576x1024/JIYNmn_0CvJU9xMB.mp4,https://archive.org/details/jiynmn-0-cv-ju-9x-mb,Marruecos,"Bab Sebta (Castillejos/Fnideq, Marruecos)","35.86651627590248, -5.345227547049597",5 - Muy alto (verificado),https://x.com/RadioGenoa/status/2087644282773508405,https://archive.ph/MxNvl,"""Inmigrantes queman coches en Ceuta"".",Engañoso,"Los vehículos calcinados que muestran las imágenes no están en Ceuta, sino en la estación de taxis de Bab Sebta, próxima a la frontera, pero en territorio marroquí. Agencias internacionales reportaron disturbios en esta zona el 30 de julio, con enfrentamientos entre la policía marroquí y quienes aspiraban a cruzar a Ceuta.",https://www.newtral.es/vehiculos-quemados-ceuta/20260814/,30/07/2026
14/09/2026 13:01:37,https://video.twimg.com/amplify_video/2087170760422887424/vid/avc1/720x912/g3Fv0dEvNtppnOZv.mp4,https://archive.org/details/g3Fv0dEvNtppnOZv,España,Ceuta (España),"35.888277056168356, -5.3153389795171115",5 - Muy alto (verificado),https://x.com/javiernegre10/status/2087172712670154808,https://archive.li/QSWLn,"""Los migrantes que han cruzado a Ceuta atacan a un vehículo de la Policía Nacional"".",Engañoso,"Las imágenes fueron grabadas el 24 de mayo de 2024, coincidiendo con una visita del presidente de Vox, Santiago Abascal, a Ceuta. Por tanto, el vídeo no guarda relación con la crisis desencadenada el 30 de julio de 2026.",https://www.newtral.es/jovenes-ceuta-policia/20260812/,24/05/2021
14/09/2026 13:27:00,https://video.twimg.com/amplify_video/2083902506388574208/vid/avc1/576x1024/259qniPMmsIrCuxZ.mp4,https://archive.org/details/259qni-pmms-ir-cux-z,Marruecos,"Harbil (Marrakech, Marruecos)","31.72344003571244, -8.092303601270705",3 - Medio (probable),https://x.com/DiosaKhalinda/status/2083902623187353718,https://archive.li/9v8L4,"""Policías marroquíes establecieron puntos de avituallamiento para dar alimentos a los migrantes que se dirigían a Ceuta"".",Falta contexto,"Medios de Marruecos publicaron estas imágenes el 29 de julio de 2026 y las enmarcaron en una operación de la Gendarmería en Harbil (Marrakech) para incautar alimentos en mal estado que se estaban poniendo a la venta. 

Harbil está a más de 500 kilómetros de Ceuta. Newtral no ha establecido la geolocalización exacta, aunque se considera probable que las imágenes correspondan a esta localidad.",https://www.newtral.es/policia-marroqui-alimentos-puntos-avituallamiento-inmigrantes-ceuta/20260805/,29/07/2026
14/09/2026 14:05:34,https://pbs.twimg.com/card_img/2097533215112155136/mf87_Chr?format=jpg&name=small,https://archive.li/HkoOE,Marruecos,"Bab Sebta (Castillejos/Fnideq, Marruecos)","35.866457420512475, -5.345227274461605",5 - Muy alto (verificado),https://x.com/iblascor/status/2097606159293095974,https://archive.li/uRH8z,"""Imagen por satélite demuestra que Marruecos fletó coches de alquiler para trasladar a migrantes hacia Ceuta"".",Falta contexto,"La imagen satelital muestra la parada de taxis de Bab Sebta, en Castillejos. Imágenes por satélite extraídas con Google Earth en diferentes años muestran que en este lugar suele haber coches blancos estacionados de manera similar a la que muestra la imagen viral. Los coches blancos coinciden con taxis.",https://www.newtral.es/imagen-coches-marruecos-ceuta/20260910/,9/09/2026
14/09/2026 15:36:17,https://video.twimg.com/amplify_video/2093396862766022656/vid/avc1/320x320/l9V6xrNGUvaySu28.mp4,https://archive.org/details/l9V6xrNGUvaySu28,Marruecos,Castillejos/Fnideq (Marruecos),"35.85694360129094, -5.347458658075869",5 - Muy alto (verificado),https://x.com/RobertoLai74153/status/2093396873855770659,https://archive.li/paj2y,"""Inmigrantes lanzan piedras a la policía española en Ceuta""",Falso,"Las imágenes fueron grabadas la noche del 30 de julio de 2026 en la Avenida de Hasan II de Castillejos/Fnideq (Marruecos), a la altura del Hotel Senator. En esa zona se reportaron disturbios y enfrentamientos entre quienes aspiraban a cruzar a Ceuta y la policía marroquí.",https://www.newtral.es/inmigrantes-piedras-policia-ceuta/20260909/,30/07/2026
14/09/2026 16:58:58,https://scontent-sea5-1.cdninstagram.com/o1/v/t2/f2/m86/AQN4LqPs_MwzRh3BUoJW6foFpRKfIUuFRki7cN3oqpaCHnApY-G8YozKIMmx2pdRlsP6K2xqhiNesdKK_sFaAxiKdDL8abzltNLbVKA.mp4?_nc_cat=107&_nc_sid=5e9851&_nc_ht=scontent-sea5-1.cdninstagram.com&_nc_ohc=FG025Dj8jgsQ7kNvwEQSmAV&efg=eyJ2ZW5jb2RlX3RhZyI6Inhwdl9wcm9ncmVzc2l2ZS5JTlNUQUdSQU0uQ0xJUFMuQzMuNzIwLmRhc2hfYmFzZWxpbmVfMV92MSIsInhwdl9hc3NldF9pZCI6MTgxMTc2ODU1OTU1MDUxMTYsImFzc2V0X2FnZV9kYXlzIjo0NSwidmlfdXNlY2FzZV9pZCI6MTAwOTksImR1cmF0aW9uX3MiOjI5LCJ1cmxnZW5fc291cmNlIjoid3d3In0%3D&ccb=17-1&vs=c3ead48092e70254&_nc_vs=HBksFQIYUmlnX3hwdl9yZWVsc19wZXJtYW5lbnRfc3JfcHJvZC80OTQ4REUyNTAxQkVGMjM5MkZFOEIxMUZERUE0ODE5NV92aWRlb19kYXNoaW5pdC5tcDQVAALIARIAFQIYUWlnX3hwdl9wbGFjZW1lbnRfcGVybWFuZW50X3YyL0Q0NEE0M0RFNDdCRUVGRDA2MTBDNTA2QTNBNjM2REEzX2F1ZGlvX2Rhc2hpbml0Lm1wNBUCAsgBEgAoABgAGwKIB3VzZV9vaWwBMRJwcm9ncmVzc2l2ZV9yZWNpcGUBMRUAACa4h5ThjPyuQBUCKAJDMywXQD3EGJN0vGoYEmRhc2hfYmFzZWxpbmVfMV92MREAdf4HZeadAQA&_nc_gid=soqEQOKWXT8CeIsncBZHIA&_nc_ss=706cf&_nc_zt=28&oh=00_AQLXQyFNwj2svze6ew-HDLEWVIPxNG_gVoDfvxc5kMuiPg&oe=6AA9F094,https://archive.org/details/aqn-4-lq-ps-mwz-rh-3-buo-jw-6fo-fp-rkf-iuu-frki-7c-n-3oqpa-chn-ap-y-g-8-yoz-kimm,Marruecos,Castillejos/Fnideq (Marruecos),"35.86670135355073, -5.34597977161492",5 - Muy alto (verificado),https://www.instagram.com/reels/DbdC0ZhCVMj/,https://archive.li/glH34,"""Intervención de las fuerzas de seguridad para frustrar los intentos de entrar en la Ceuta ocupada"".",Verdadero,"El vídeo corresponde al 30 de julio de 2026 y está grabado junto a la estación de taxis de Bab Sebta, muy próxima a la frontera. En concreto, las imágenes muestran la carretera que conecta la N-13 con la N-16 en dirección a Tánger. En esta zona se reportaron disturbios y enfrentamientos entre quienes aspiraban a cruzar a Ceuta y las fuerzas marroquíes.",https://www.newtral.es/video-agentes-marroquies-frontera-ceuta/20260906/,30/07/2026
14/09/2026 17:35:06,https://video.twimg.com/amplify_video/2088712463659196416/vid/avc1/720x1280/ytHYLQ95fS4KsGTH.mp4,https://archive.org/details/ytHYLQ95fS4KsGTH,Marruecos,Castillejos/Fnideq (Marruecos),"35.863457, -5.345948",5 - Muy alto (verificado),https://x.com/UACD_Youtube/status/2088893755357110616,https://archive.li/UfPPv,"""Nuevo intento de invasión a Ceuta el 15 de agosto de 2026""",Engañoso,Imágenes grabadas en Castillejos/Fnideq en la madrugada del 31 de julio de 2026. El vídeo muestra las proximidades de la frontera con Ceuta. ,https://www.newtral.es/video-nuevo-cruce-masivo-migrantes-ceuta/20260816/,31/07/2026
14/09/2026 18:53:12,https://video.twimg.com/amplify_video/2089049349926047744/vid/avc1/576x768/awuvKG0oPMtfamDM.mp4,https://archive.org/details/awuvKG0oPMtfamDM,Marruecos,Castillejos/Fnideq (Marruecos),"35.86412884360806, -5.345686303082339",5 - Muy alto (verificado),https://x.com/nidhisj2001/status/2089049677681565919,https://archive.ph/rePsA,"""15 de agosto: nuevo intento de asalto a la valla de Ceuta"".",Engañoso,Vídeo grabado el 31 de julio de 2026. Fuerzas de seguridad marroquíes utilizan cañones de agua mientras multitudes se congregan cerca de la frontera con Ceuta.,https://www.newtral.es/monte-migrantes-ceuta-15-agosto/20260817/,31/07/2026
14/09/2026 19:26:26,https://video-sea5-1.xx.fbcdn.net/o1/v/t2/f2/m266/AQOwHYFzo8U_gNDa0eOLsE7XnISIcAYaEbgaC6sXK2Zbd_tinVCzOyECGKlRbJJLkXqMH6v1w1Sbyu7eyVTyU7zeuyl9ydpfQ3U.mp4?strext=1&_nc_cat=107&_nc_sid=8bf8fe&_nc_ht=video-sea5-1.xx.fbcdn.net&_nc_ohc=j7WPGo_ry7oQ7kNvwFWFDyv&efg=eyJ2ZW5jb2RlX3RhZyI6Inhwdl9wcm9ncmVzc2l2ZS5GQUNFQk9PSy4uQzMuNzIwLmF2MV9jb21wcmVzc2VkX3NvdXJjZSIsInhwdl9hc3NldF9pZCI6MjgzMzcwNzk4OTU5MjQ2MTgsImFzc2V0X2FnZV9kYXlzIjoxNywidmlfdXNlY2FzZV9pZCI6MTAxMjMsImR1cmF0aW9uX3MiOjEwLCJ1cmxnZW5fc291cmNlIjoid3d3In0%3D&ccb=17-1&_nc_gid=fB-Yw60qpHEj2p9m2jjkvQ&_nc_ss=702cf&_nc_zt=28&oh=00_AQIX47ZXY0pGIcVMYpDVUQXehNRe_MVQ9l0NjAJ46Slbtg&oe=6AAA18E7&bitrate=661274&tag=av1_compressed_source,https://archive.org/details/aqow-hyfzo-8-u-g-nda-0e-ols-e-7-xn-isic-aya-ebga-c-6s-xk-2-zbd-tin-vcz-oy-ecgkl-,Otro,Toulouse (Francia),"43.60654303592826, 1.4456950331431626",5 - Muy alto (verificado),https://x.com/jm_clavero/status/2083658689068556467,https://archive.ph/Xbuab,"""Inmigrantes provocan altercados y caos en las calles de Ceuta"".",Falso,Los altercados corresponden a la ciudad francesa de Toulouse tras la victoria del PSG en la Champions y no guardan ninguna relación con Ceuta.,https://www.newtral.es/altercados-ceuta-toulouse/20260803/,30/05/2026
15/09/2026 10:59:36,https://video.twimg.com/ext_tw_video/2083286586540630016/pu/vid/avc1/720x1280/A-2l-0ZVqds-aU4q.mp4,https://archive.org/details/a-2l-0-zvqds-a-u-4q,Marruecos,"Frontera del Tarajal (Fnideq, Marruecos)","35.871298501483324, -5.345881695215454",4 - Alto (muy probable),https://x.com/DerechaDiarioES/status/2083286615498031589,https://archive.ph/LLJYK,"""Policía marroquí abre una puerta de la frontera con Ceuta y deja pasar a los inmigrantes hacia España"" (31/07/2026).",Engañoso,"Las imágenes muestran a agentes marroquíes abriendo una puerta en la frontera del Tarajal para dejar pasar a los migrantes, pero corresponden a la crisis fronteriza de mayo de 2021. El vídeo fue publicado por el Sindicato Unificado de Policía (SUP) el 18 de mayo de 2021.",https://www.newtral.es/guardia-marroqui-valla/20260803/,18/05/2021
15/09/2026 13:01:14,https://scontent-iad6-1.cdninstagram.com/o1/v/t2/f2/m86/AQPD4cl9nUgUkoJqbzvErZvg2rMVYtlEi8LrDjlb7aXmm2Wd5mXE9yK6HXEKIs5YKYeqfR93GB3_IjiRmEt5DaDiXeGATiQF_JVLmfo.mp4?_nc_cat=100&_nc_sid=5e9851&_nc_ht=scontent-iad6-1.cdninstagram.com&_nc_ohc=iA9FobgTlWoQ7kNvwEq-lgg&efg=eyJ2ZW5jb2RlX3RhZyI6Inhwdl9wcm9ncmVzc2l2ZS5JTlNUQUdSQU0uQ0xJUFMuQzMuNDgwLmRhc2hfYmFzZWxpbmVfMV92MSIsInhwdl9hc3NldF9pZCI6MTM4NTcwNjYwMDE5ODQwNSwiYXNzZXRfYWdlX2RheXMiOjQ1LCJ2aV91c2VjYXNlX2lkIjoxMDA5OSwiZHVyYXRpb25fcyI6MTksInVybGdlbl9zb3VyY2UiOiJ3d3cifQ%3D%3D&ccb=17-1&vs=340393e2309c0679&_nc_vs=HBksFQIYUmlnX3hwdl9yZWVsc19wZXJtYW5lbnRfc3JfcHJvZC9FQTQ0NjhCRTQ5N0Q4NkQzN0FBODM4MTgzQ0Y0NjBCNV92aWRlb19kYXNoaW5pdC5tcDQVAALIARIAFQIYUWlnX3hwdl9wbGFjZW1lbnRfcGVybWFuZW50X3YyLzA4NDA2MzkxREZFMjc4ODBEMkE4M0M5RUNBNDJBQjg1X2F1ZGlvX2Rhc2hpbml0Lm1wNBUCAsgBEgAoABgAGwKIB3VzZV9vaWwBMRJwcm9ncmVzc2l2ZV9yZWNpcGUBMRUAACaKxNfa3pL2BBUCKAJDMywXQDOzMzMzMzMYEmRhc2hfYmFzZWxpbmVfMV92MREAdf4HZeadAQA&_nc_gid=ezizWqfeLwryEHqQxVzFZA&_nc_ss=703ba&_nc_zt=28&oh=00_AQLXKSrBmpXJQimeO05jTEXFkZwe9XVXGk6k7lbOB4reKA&oe=6AAAFD0D,https://archive.org/details/aqpd-4cl-9n-ug-uko-jqbzv-er-zvg-2r-mvytl-ei-8-lr-djlb-7a-xmm-2-wd-5m-xe-9y-k-6-h,Otro,"Wakefield (Inglaterra, Reino Unido)","53.680868245793484, -1.5065712846841453",5 - Muy alto (verificado),https://www.instagram.com/p/Dbd9JsJM-hU/,https://archive.org/details/captura-de-pantalla-2026-09-03-102524,"""Marroquí se pone a apuñalar coches en Ceuta con un cuchillo jamonero"".",Falso,"Las imágenes muestran un altercado ocurrido en 2024 frente a un pub ubicado en Wakefield (Inglaterra, Reino Unido). No guardan ninguna relación con la crisis fronteriza desatada el 30 de julio en Ceuta.",https://www.newtral.es/hombre-apunala-coche-ceuta/20260903/,9/01/2024
15/09/2026 13:35:20,https://video.twimg.com/amplify_video/2090435956935426048/vid/avc1/464x848/j2ezQjIZXtFjqOmA.mp4,https://archive.org/details/j2ezQjIZXtFjqOmA,España,Cuenca (España),"40.07393942787018, -2.131961203839844",5 - Muy alto (verificado),https://x.com/blackie_just/status/2090567531123605749,https://archive.li/f5Mqo,"""Inmigrantes ilegales queman una iglesia en Ceuta"".",Falso,El vídeo muestra un incendio en la iglesia y convento de las Concepcionistas de Cuenca (no Ceuta) ocurrido el 3 de mayo de 2024. La policía detuvo a un español como autor del incendio.,https://www.newtral.es/inmigrantes-queman-iglesia-ceuta/20260824/,3/05/2024
15/09/2026 16:34:33,https://video.twimg.com/amplify_video/2089068770614472705/vid/avc1/480x852/bPRNHQ-h8MtnYcps.mp4,https://archive.org/details/bPRNHQ-h8MtnYcps,Otro,Tamale (Ghana),"9.40317137018076, -0.842022918760797",5 - Muy alto (verificado),https://x.com/javiernegre10/status/2089069072679887148,https://archive.li/H4ZWn,"""Ingenieros listos para entrar de puertas abiertas por Ceuta"".",Falta contexto,"El vídeo está grabado en Tamale (Ghana) y hay registros de estas imágenes que datan de junio de 2026, por lo que no guardan ninguna relación con Ceuta.",https://www.newtral.es/video-machete-ceuta/20260819/,26/06/2026
15/09/2026 17:12:26,https://video.twimg.com/amplify_video/2088669391940378624/vid/avc1/720x818/YrfboOf1GzVfckrM.mp4,https://archive.org/details/yrfbo-of-1-gz-vfckr-m,España,"Paso de Beni Ensar (Melilla, España)","35.269156636622846, -2.9361613266621966",5 - Muy alto (verificado),https://x.com/Capitana_espana/status/2088669471590285423,https://archive.li/D6x2t,"""En un nuevo asalto, la policía marroquí abre fuego contra los asaltantes de Ceuta mientras la Guardia Civil se dedica a mirar"".",Falso,La policía marroquí dispara material antidisturbios mientras un grupo de migrantes intenta cruzar la frontera con Melilla. Las imágenes se tomaron el 31 de julio de 2026 junto al paso de Beni Ensar.,https://www.newtral.es/nuevo-asalto-valla-ceuta/20260818/,31/07/2026
15/09/2026 17:46:14,https://video.twimg.com/amplify_video/2084996665153339392/vid/avc1/720x1280/VqOj32bjSrL1oXZK.mp4,https://archive.org/details/vq-oj-32bj-sr-l-1o-xzk,España,"Adra (Almería, España)","36.746922378901004, -3.065834572731114",5 - Muy alto (verificado),https://x.com/jesusvazquezb/status/2084996722393059343,https://archive.ph/wIAC3,"""Dos nuevas lanchas llegan a las costas de Andalucía. ¿De verdad alguien sigue creyendo que la situación está controlada? España necesita recuperar el control de sus fronteras (5/8/2026)"".",Engañoso,El vídeo muestra dos lanchas cargadas de migrantes que llegaron a la costa de Adra (Almería) en septiembre de 2023. Las imágenes no guardan relación con la situación desencadenada en Ceuta a raíz del cruce masivo del 30 de julio de 2026.,https://www.newtral.es/lanchas-andalucia-migrantes/20260807/,25/09/2023
16/09/2026 12:17:35,https://video-lhr6-2.xx.fbcdn.net/o1/v/t2/f2/m266/AQO50qo5cSdpRn6BYEBSnnJxCCPOZDLg9_04TwzvkFheqzO_n5VFHRVkM8r_uNFPCO6MJ_Zl7hMLKk_8CxlUi9JkgQ8DmePtauY.mp4?strext=1&_nc_cat=109&_nc_sid=8bf8fe&_nc_ht=video-lhr6-2.xx.fbcdn.net&_nc_ohc=LrWcs__7lwYQ7kNvwFVH6nS&efg=eyJ2ZW5jb2RlX3RhZyI6Inhwdl9wcm9ncmVzc2l2ZS5GQUNFQk9PSy4uQzMuMTA4MC5jb21wcmVzc2VkX3NvdXJjZSIsInhwdl9hc3NldF9pZCI6MTcxNzE4NzE3Mjg2NTk2MiwiYXNzZXRfYWdlX2RheXMiOjQ1LCJ2aV91c2VjYXNlX2lkIjoxMDA5OSwiZHVyYXRpb25fcyI6MTgsInVybGdlbl9zb3VyY2UiOiJ3d3cifQ%3D%3D&ccb=17-1&_nc_gid=e8JKvPoG6yoarh8IDhOP5g&_nc_ss=79289&_nc_zt=28&oh=00_AQJ4yYYByGeQohgjNqaYsjMQTOH0tREZicheyp_UPCeg1w&oe=6AAB501D&bitrate=2276680&tag=compressed_source,https://archive.org/details/aqo-50qo-5c-sdp-rn-6-byebsnn-jx-ccpozdlg-9-04-twzvk-fheqz-o-n-5-vfhrvk-m-8r-u-nf,Marruecos,"Porta da Ribeira (El Jadida, Marruecos)","33.257449113077456, -8.499422096442316",5 - Muy alto (verificado),https://www.facebook.com/laderechadiario/posts/1692437501985511/,https://archive.li/RDEi0,Un inmigrante marroquí documentó la facilidad con la que pueden invadir España nadando desde Marruecos hacia Ceuta.,Falso,"El vídeo está grabado en El Jadida (Marruecos) y fue compartido por el autor en su perfil de Instagram, donde se pueden ver más vídeos donde aparece nadando en el mismo lugar. El Jadida está a más de 400 kilómetros de Ceuta, por lo que las imágenes no guardan ninguna relación con el cruce masivo del pasado 30 de julio.",https://www.newtral.es/marroqui-nadando-ceuta/20260807/,30/07/2026
16/09/2026 13:55:49,https://video.twimg.com/amplify_video/2083940165571989504/vid/avc1/360x486/IcqlF7XLmz-_vr4W.mp4,https://archive.org/details/icql-f-7-xlmz-vr-4-w,Otro,Tinzaouten (Argelia),"19.958765290166667, 2.9684800742634483",4 - Alto (muy probable),https://www.reddit.com/r/MilitarySpain/comments/1vk1ee7/se_dice_que_argelia_est%C3%A1_enviando_a_m%C3%A1s_de_100000/,https://archive.li/HUpF9,"""Argelia está enviando a más de 100.000 civiles a la frontera con Marruecos, bajo la dirección del ejército argelino"".",Falta contexto,"Hay indicios de que las imágenes fueron grabadas en Tinzaouten, en la frontera entre Argelia y Mali. Esta localidad está a más de 1.400 kilómetros de la frontera argelina con Marruecos. El movimiento de personas que muestra el vídeo podría estar relacionado con la escalada de las tensiones entre el ejército de Mali, grupos separatistas y combatientes vinculados a AlQaeda.",https://www.newtral.es/frontera-argelia-marruecos-mali/20260807/,1/08/2026
16/09/2026 17:07:17,https://scontent-lhr11-1.cdninstagram.com/o1/v/t2/f2/m86/AQNJunru9QCQB63jWAz32LULTuTgGahFqykWWfbhFOo8GEwR3X9eWDJ1P-sofUj-uxriuqucXXCll_Y5iU8M324eWYurXmi9_va9LJU.mp4?_nc_cat=100&_nc_sid=5e9851&_nc_ht=scontent-lhr11-1.cdninstagram.com&_nc_ohc=QLK7A2ilmuwQ7kNvwGYTlQ2&efg=eyJ2ZW5jb2RlX3RhZyI6Inhwdl9wcm9ncmVzc2l2ZS5JTlNUQUdSQU0uQ0xJUFMuQzMuNzIwLmRhc2hfYmFzZWxpbmVfMV92MSIsInhwdl9hc3NldF9pZCI6MTAzMTMwNDE4NjU2ODQzOCwiYXNzZXRfYWdlX2RheXMiOjQ3LCJ2aV91c2VjYXNlX2lkIjoxMDA5OSwiZHVyYXRpb25fcyI6MTQsInVybGdlbl9zb3VyY2UiOiJ3d3cifQ%3D%3D&ccb=17-1&vs=9640552c2e770d2c&_nc_vs=HBksFQIYUmlnX3hwdl9yZWVsc19wZXJtYW5lbnRfc3JfcHJvZC8yRDQ1QUZBN0QyMkYxQ0U0QzE2MDc2RUVEMEJFNjg5NF92aWRlb19kYXNoaW5pdC5tcDQVAALIARIAFQIYUWlnX3hwdl9wbGFjZW1lbnRfcGVybWFuZW50X3YyLzkzNDlGOTU1MUJBOTlEMUQyNjYzQUM0MDdCRjhERDkzX2F1ZGlvX2Rhc2hpbml0Lm1wNBUCAsgBEgAoABgAGwKIB3VzZV9vaWwBMRJwcm9ncmVzc2l2ZV9yZWNpcGUBMRUAACbs-5D75v3UAxUCKAJDMywXQC3MzMzMzM0YEmRhc2hfYmFzZWxpbmVfMV92MREAdf4HZeadAQA&_nc_gid=NKQKhcHR37DWJ__V5G7VUA&_nc_ss=79689&_nc_zt=28&oh=00_AQI0u-GuubhKlOCOBzbZb_LAbElSDsvp-_fAIIWd8WErjA&oe=6AAC6F7D,https://archive.org/details/aqnjunru-9-qcqb-63j-waz-32-lultu-tg-gah-fqyk-wwfbh-foo-8-gew-r-3-x-9e-wdj-1-p-so,Marruecos,Catillejos/Fnideq (Marruecos),"35.867470, -5.345318",5 - Muy alto (verificado),https://www.instagram.com/p/DbcmQU4tvuV/,https://www.instagram.com/p/DbcmQU4tvuV/,"""Las fuerzas marroquíes repelen un ataque contra el paso fronterizo de Bab Sebta en un intento de asaltarlo"".",,"Un día después del cruce masivo, medios marroquíes publican imágenes de una actuación correspondiente al mismo 31 de julio en las que se ve a policías marroquíes empleando material antidisturbios contra jóvenes que, aparentemente, aspiraban a llegar a Ceuta.",,31/07/2026
16/09/2026 17:28:59,https://scontent-vie1-1.cdninstagram.com/o1/v/t2/f2/m86/AQNR0wjgzEdeVwPprecdbZNYztBr5wSj96xyUEl1UiFXuvBnDtqVOPT9D3e-YPoSCsCbRCmpZ-gA56cR-5UPLbxn18ubLmNT0kOUxpc.mp4?_nc_cat=104&_nc_sid=5e9851&_nc_ht=scontent-vie1-1.cdninstagram.com&_nc_ohc=0KZy3xGNBpkQ7kNvwE3hB3f&efg=eyJ2ZW5jb2RlX3RhZyI6Inhwdl9wcm9ncmVzc2l2ZS5JTlNUQUdSQU0uQ0xJUFMuQzMuNzIwLmRhc2hfYmFzZWxpbmVfMV92MSIsInhwdl9hc3NldF9pZCI6MTc5NjI5OTY4ODQwNzY1NywiYXNzZXRfYWdlX2RheXMiOjQ3LCJ2aV91c2VjYXNlX2lkIjoxMDA5OSwiZHVyYXRpb25fcyI6MTMsInVybGdlbl9zb3VyY2UiOiJ3d3cifQ\u00253D\u00253D&ccb=17-1&vs=7f337c78fbb22abd&_nc_vs=HBksFQIYUmlnX3hwdl9yZWVsc19wZXJtYW5lbnRfc3JfcHJvZC8yODRFRjc4QURERDQ4MjdGMERDMjRGOUQ2QUU4M0VCN192aWRlb19kYXNoaW5pdC5tcDQVAALIARIAFQIYUWlnX3hwdl9wbGFjZW1lbnRfcGVybWFuZW50X3YyLzk4NDZEMkU2QTQ3QTNGREQwNERBNjREMUVFNjg4Rjg5X2F1ZGlvX2Rhc2hpbml0Lm1wNBUCAsgBEgAoABgAGwKIB3VzZV9vaWwBMRJwcm9ncmVzc2l2ZV9yZWNpcGUBMRUAACbSybPNs-6wBhUCKAJDMywXQCsAAAAAAAAYEmRhc2hfYmFzZWxpbmVfMV92MREAdf4HZeadAQA&_nc_gid=1RpXyrzQOT6-ZQTpQeutiQ&_nc_ss=73689&_nc_zt=28&oh=00_AQJQDkXL2uXrCiT5wKk4iPkPmy6dcvhEPDNssleMMkEWCg&oe=6AAC9D89,https://archive.org/details/aqnr-0wjgz-ede-vw-pprecdb-znyzt-br-5w-sj-96xy-uel-1-ui-fxuv-bn-dtq-vopt-9-d-3e-y,Marruecos,Catillejos/Fnideq (Marruecos),"35.855551, -5.347253",5 - Muy alto (verificado),https://www.instagram.com/zoom.fnideq/reel/DbbgEByssW3/,https://www.instagram.com/zoom.fnideq/reel/DbbgEByssW3/,,Verdadero,"Vídeo compartido por una cuenta de Instagram de Castillejos/Fnideq a las 22:05 del 30 de julio de 2026. Muestra la situación de la Avenida de Hassan II, que conecta Fnideq con la carretera que dirige al paso fronterizo del Tarajal.",,30/07/2026
16/09/2026 17:54:09,https://scontent-ams2-1.cdninstagram.com/o1/v/t2/f2/m86/AQPQI6uK2_pie7mWTi3KmkMauwTUd-acj-kXuxECWjtUBFD0t6Pd_dw0IdtvJoSWL01RfGqxqOvkeaUdJyjdu7COB8FL0_f4wjlepFE.mp4?_nc_cat=102&_nc_sid=5e9851&_nc_ht=scontent-ams2-1.cdninstagram.com&_nc_ohc=0ELK6ioBstkQ7kNvwEOLIBN&efg=eyJ2ZW5jb2RlX3RhZyI6Inhwdl9wcm9ncmVzc2l2ZS5JTlNUQUdSQU0uQ0xJUFMuQzMuNzIwLmRhc2hfYmFzZWxpbmVfMV92MSIsInhwdl9hc3NldF9pZCI6MTc3OTczMzY0MzM5MTM0NSwiYXNzZXRfYWdlX2RheXMiOjQ4LCJ2aV91c2VjYXNlX2lkIjoxMDA5OSwiZHVyYXRpb25fcyI6NDUsInVybGdlbl9zb3VyY2UiOiJ3d3cifQ%3D%3D&ccb=17-1&vs=7b3c1ddbf9d6c502&_nc_vs=HBksFQIYUmlnX3hwdl9yZWVsc19wZXJtYW5lbnRfc3JfcHJvZC81NjQ4NkY2NUQ3QTgyRkUyNDRDOEE3M0NFQTdFRjU4N192aWRlb19kYXNoaW5pdC5tcDQVAALIARIAFQIYUWlnX3hwdl9wbGFjZW1lbnRfcGVybWFuZW50X3YyLzYyNDdCMjkxQUU5M0Q5MUNDMzg3NkM2MEZBQTg5NDg5X2F1ZGlvX2Rhc2hpbml0Lm1wNBUCAsgBEgAoABgAGwKIB3VzZV9vaWwBMRJwcm9ncmVzc2l2ZV9yZWNpcGUBMRUAACbixd_5kKqpBhUCKAJDMywXQEbMzMzMzM0YEmRhc2hfYmFzZWxpbmVfMV92MREAdf4HZeadAQA&_nc_gid=lSLNBbHStOzcf8yoEifWGQ&_nc_ss=7a22e&_nc_zt=28&oh=00_AQIhTEySePEUgs7VWQw8yYl2s9auhXgcOumkfB5Mgp3Qvw&oe=6AACB217,https://archive.org/details/aqpqi-6u-k-2-pie-7m-wti-3-kmk-mauw-tud-acj-k-xux-ecwjt-ubfd-0t-6-pd-dw-0-idtv-jo,Marruecos,Castillejos/Fnideq (Marruecos),"35.87027022420822, -5.343803585767439",4 - Alto (muy probable),https://www.instagram.com/zoom.fnideq/reel/DbZlEo_MmCq/,https://www.instagram.com/zoom.fnideq/reel/DbZlEo_MmCq/,"""Cientos de migrantes irrumpen en el mar simultáneamente frente a la costa de Fnideq"".",Verdadero,Vídeo compartido en Instagram a las 4:08 am del 30 de julio de 2026 por una cuenta de Fnideq. Las imágenes demuestran una fuerte movilización de candidatos a cruzar a Ceuta desde primera hora de la madrugada.,,30/07/2026